Date,Url
2022-12-18 23:29:04,https://i.waifu.pics/yn_F4Nt.jpeg
2022-12-18 23:29:04,https://i.waifu.pics/0W~KpRc.jpg
2022-12-18 23:29:05,https://i.waifu.pics/VI2XzIl.png
2022-12-18 23:29:06,https://i.waifu.pics/x7bS2nT.jpg
2022-12-18 23:29:06,https://i.waifu.pics/JIQ9QZ_.jpg
2022-12-18 23:29:07,https://i.waifu.pics/DxxMnby.jpg
2022-12-18 23:29:07,https://i.waifu.pics/38QXoHc.jpeg
2022-12-18 23:29:08,https://i.waifu.pics/CNzs4Pd.jpg
2022-12-18 23:29:08,https://i.waifu.pics/8m-r1_O.png
2022-12-18 23:29:09,https://i.waifu.pics/SoQkXA3.jpg
2022-12-18 23:29:09,https://i.waifu.pics/QQW7VKy.jpg
2022-12-18 23:29:10,https://i.waifu.pics/e6r~srS.png
2022-12-18 23:29:10,https://i.waifu.pics/8TL6ycS.jpg
2022-12-18 23:29:10,https://i.waifu.pics/sS-rREz.jpg
2022-12-18 23:29:11,https://i.waifu.pics/Dj~3I8q.jpg
2022-12-18 23:29:12,https://i.waifu.pics/R5n5P7f.png
2022-12-18 23:29:12,https://i.waifu.pics/_laUTLb.jpg
2022-12-18 23:29:12,https://i.waifu.pics/d22x2XR.jpg
2022-12-18 23:29:13,https://i.waifu.pics/zOJvcV5.jpg
2022-12-18 23:29:14,https://i.waifu.pics/20~zWP3.png
2022-12-18 23:29:14,https://i.waifu.pics/Weau1RP.jpg
2022-12-18 23:29:14,https://i.waifu.pics/Byfpdl1.png
2022-12-18 23:29:15,https://i.waifu.pics/HHquLhX.png
2022-12-18 23:29:15,https://i.waifu.pics/wt2ZmoY.png
2022-12-18 23:29:16,https://i.waifu.pics/Y5-tibK.png
2022-12-18 23:29:16,https://i.waifu.pics/jiHthY6.png
2022-12-18 23:29:17,https://i.waifu.pics/fuGfYQJ.jpg
2022-12-18 23:29:17,https://i.waifu.pics/vd4XAVZ.jpg
2022-12-18 23:29:18,https://i.waifu.pics/~Ixa5M9.png
2022-12-18 23:29:18,https://i.waifu.pics/P6X-ph6.jpg
2022-12-18 23:29:19,https://i.waifu.pics/DmrSW~9.jpg
2022-12-18 23:29:19,https://i.waifu.pics/hFkV1Ny.jpg
2022-12-18 23:29:20,https://i.waifu.pics/anKsYF2.png
2022-12-18 23:29:20,https://i.waifu.pics/6NYYSw6.png
2022-12-18 23:29:21,https://i.waifu.pics/JREnutK.png
2022-12-18 23:29:21,https://i.waifu.pics/3x~ovC6.jpg
2022-12-18 23:29:22,https://i.waifu.pics/dPXxQqE.png
2022-12-18 23:29:22,https://i.waifu.pics/R5n5P7f.png
2022-12-18 23:29:23,https://i.waifu.pics/38QXoHc.jpeg
2022-12-18 23:29:23,https://i.waifu.pics/rzLcgTU.jpg
2022-12-18 23:29:24,https://i.waifu.pics/ynInTFV.jpg
2022-12-18 23:29:24,https://i.waifu.pics/wPbusA9.png
2022-12-18 23:29:25,https://i.waifu.pics/zkJ5AHV.png
2022-12-18 23:29:25,https://i.waifu.pics/1Ngfcle.jpg
2022-12-18 23:29:25,https://i.waifu.pics/8m-r1_O.png
2022-12-18 23:29:26,https://i.waifu.pics/aGgUm80.jpg
2022-12-18 23:29:27,https://i.waifu.pics/YY~unmW.jpg
2022-12-18 23:29:27,https://i.waifu.pics/FWE8ggD.png
2022-12-18 23:29:27,https://i.waifu.pics/DjgwmRf.jpg
2022-12-18 23:29:28,https://i.waifu.pics/2X92FPH.jpeg
2022-12-18 23:29:28,https://i.waifu.pics/2RnEtbW.png
2022-12-18 23:29:29,https://i.waifu.pics/MjtH3Ha.jpg
2022-12-18 23:29:29,https://i.waifu.pics/CgnVr~h.jpg
2022-12-18 23:29:29,https://i.waifu.pics/anKsYF2.png
2022-12-18 23:29:30,https://i.waifu.pics/GGX054U.jpg
2022-12-18 23:29:30,https://i.waifu.pics/0r1Bn88.jpg
2022-12-18 23:29:31,https://i.waifu.pics/jtKUwbl.png
2022-12-18 23:29:31,https://i.waifu.pics/bMH6oaI.png
2022-12-18 23:29:31,https://i.waifu.pics/h15rEN_.jpg
2022-12-18 23:29:32,https://i.waifu.pics/1y5O6HN.jpg
2022-12-18 23:29:32,https://i.waifu.pics/8hqFjfL.png
2022-12-18 23:29:33,https://i.waifu.pics/_5bfS9Z.jpeg
2022-12-18 23:29:33,https://i.waifu.pics/0AZnvOg.jpg
2022-12-18 23:29:33,https://i.waifu.pics/wNzff3p.png
2022-12-18 23:29:34,https://i.waifu.pics/9bmFZ4l.jpg
2022-12-18 23:29:34,https://i.waifu.pics/z1rMzBR.jpg
2022-12-18 23:29:35,https://i.waifu.pics/e6r~srS.png
2022-12-18 23:29:35,https://i.waifu.pics/jiHthY6.png
2022-12-18 23:29:36,https://i.waifu.pics/V8hvqfK.jpg
2022-12-18 23:29:36,https://i.waifu.pics/p3pJCrJ.jpg
2022-12-18 23:29:37,https://i.waifu.pics/zOJvcV5.jpg
2022-12-18 23:29:37,https://i.waifu.pics/vzh9Dhm.jpg
2022-12-18 23:29:37,https://i.waifu.pics/s1DLRKM.png
2022-12-18 23:29:38,https://i.waifu.pics/EAJXNuw.jpg
2022-12-18 23:29:38,https://i.waifu.pics/kTlbrRO.png
2022-12-18 23:29:39,https://i.waifu.pics/89mbLcq.jpg
2022-12-18 23:29:39,https://i.waifu.pics/POqiwlb.jpg
2022-12-18 23:29:40,https://i.waifu.pics/7Apu5C9.jpg
2022-12-18 23:29:40,https://i.waifu.pics/ysB8wtC.jpg
2022-12-18 23:29:41,https://i.waifu.pics/8RHEB7A.png
2022-12-18 23:29:41,https://i.waifu.pics/gIoMEM0.jpeg
2022-12-18 23:29:42,https://i.waifu.pics/k-akF2p.jpg
2022-12-18 23:29:42,https://i.waifu.pics/CwK185b.jpg
2022-12-18 23:29:42,https://i.waifu.pics/Y5-tibK.png
2022-12-18 23:29:43,https://i.waifu.pics/~p5W9~k.png
2022-12-18 23:29:43,https://i.waifu.pics/1y5O6HN.jpg
2022-12-18 23:29:44,https://i.waifu.pics/cuwUkva.jpg
2022-12-18 23:29:44,https://i.waifu.pics/8-xAiM1.png
2022-12-18 23:29:45,https://i.waifu.pics/8LzDmNq.jpg
2022-12-18 23:29:45,https://i.waifu.pics/45IA-ur.jpg
2022-12-18 23:29:45,https://i.waifu.pics/tE7-FfJ.jpg
2022-12-18 23:29:46,https://i.waifu.pics/0W~KpRc.jpg
2022-12-18 23:29:46,https://i.waifu.pics/5SYyPac.png
2022-12-18 23:29:47,https://i.waifu.pics/45IA-ur.jpg
2022-12-18 23:29:47,https://i.waifu.pics/04afe1y.jpg
2022-12-18 23:29:47,https://i.waifu.pics/aGgUm80.jpg
2022-12-18 23:29:48,https://i.waifu.pics/04afe1y.jpg
2022-12-18 23:29:48,https://i.waifu.pics/CwK185b.jpg
2022-12-18 23:29:49,https://i.waifu.pics/r0UW03D.jpg
2022-12-18 23:29:49,https://i.waifu.pics/AoPMBb_.jpeg
2022-12-18 23:29:49,https://i.waifu.pics/Abh~zo3.jpg
